{
  "results": [
    {
      "command": "v16.15.1",
      "mean": 4.956864576559999,
      "stddev": 0.2476073944258833,
      "median": 4.9695384912,
      "user": 3.2612470300000003,
      "system": 1.9641025799999992,
      "min": 4.2886795517000005,
      "max": 5.5405927237000006,
      "times": [
        5.1055371717,
        5.0773566447,
        5.0852248597,
        5.3336006907,
        4.7937115067,
        5.430349837700001,
        4.9430713177,
        5.2686710677,
        4.8728247427,
        5.0333968107,
        4.8193424277,
        4.9520883697,
        5.1018455527,
        5.0075584297,
        4.8485838627,
        4.8380063767,
        5.3186496097000004,
        4.9116613027,
        4.8526006767,
        4.7671804637,
        5.0090970777,
        5.1196740907,
        5.0450736047,
        4.9426654737,
        4.8775802637000005,
        5.0183558447,
        5.3891574517,
        5.0470847977,
        4.9054357107,
        4.6650917277,
        4.9846370447,
        4.9808562607,
        4.9765494777,
        4.9394903037,
        4.9597794007000005,
        4.2886795517000005,
        4.8516683017,
        5.1853057597,
        4.4886831207,
        5.5405927237000006,
        4.6773637687,
        5.2823833347,
        4.3611896797,
        5.0719252407,
        4.3404230467,
        4.5589988937,
        4.4480639607,
        4.6100050847,
        4.9279820997,
        4.9823487207,
        5.2087295257,
        5.3883553557,
        4.4231126637000004,
        4.7384522067,
        4.8195254937000005,
        4.9282040367,
        4.9586313587,
        5.4111933787,
        5.2476422787,
        4.5605852897,
        4.6206402317,
        4.9806181017,
        4.8641309747,
        4.9344182587,
        5.1270463197,
        5.2286033987,
        4.8867222087,
        5.2911748507,
        4.5768421937,
        5.0080083207,
        4.8143978187,
        4.8339630247,
        4.9248278817,
        5.1109135097000005,
        5.1024446127,
        4.9240164807,
        5.2738520227,
        4.9867558177,
        4.8264761167,
        4.8559344307000005,
        4.9657370957,
        4.9748150627,
        5.0299543357,
        4.6618897637000005,
        4.9721658057,
        4.5475284177,
        5.0142798447,
        5.1111784997,
        5.1384396367,
        5.278717743700001,
        4.9286684407,
        5.0656983667,
        4.9647017257,
        4.9971017747,
        5.1087017347,
        5.0022114367,
        4.9963779287,
        4.8948194067,
        5.3729377557,
        4.9669111767
      ],
      "exit_codes": [
        0,
        0,
        0,
        0,
        0,
        0,
        0,
        0,
        0,
        0,
        0,
        0,
        0,
        0,
        0,
        0,
        0,
        0,
        0,
        0,
        0,
        0,
        0,
        0,
        0,
        0,
        0,
        0,
        0,
        0,
        0,
        0,
        0,
        0,
        0,
        0,
        0,
        0,
        0,
        0,
        0,
        0,
        0,
        0,
        0,
        0,
        0,
        0,
        0,
        0,
        0,
        0,
        0,
        0,
        0,
        0,
        0,
        0,
        0,
        0,
        0,
        0,
        0,
        0,
        0,
        0,
        0,
        0,
        0,
        0,
        0,
        0,
        0,
        0,
        0,
        0,
        0,
        0,
        0,
        0,
        0,
        0,
        0,
        0,
        0,
        0,
        0,
        0,
        0,
        0,
        0,
        0,
        0,
        0,
        0,
        0,
        0,
        0,
        0,
        0
      ]
    }
  ]
}
