{
  "results": [
    {
      "command": "v17.9.1",
      "mean": 4.987855148470001,
      "stddev": 0.2963526089313781,
      "median": 4.9585857097999995,
      "user": 3.282445669999999,
      "system": 1.9947617700000004,
      "min": 4.2178756828,
      "max": 5.6752162148,
      "times": [
        4.6534357618,
        5.1847745138,
        4.9908716098,
        4.8031436528,
        5.1282715437999995,
        5.0175517088,
        4.957607160799999,
        4.6742689588,
        5.4512180118,
        5.0912975128,
        5.2462418118,
        5.5469892517999995,
        4.5952395838,
        5.0081194288,
        5.2126624328,
        5.2178465778,
        5.4657429048,
        5.6752162148,
        4.4547502358,
        5.3746141578,
        4.7894239577999995,
        5.090139392799999,
        4.8424517868,
        4.6899451658,
        4.5381553378,
        4.7153216578,
        4.8550426188,
        4.7927989648,
        5.6663765997999995,
        4.5619612348,
        4.8231360958,
        4.7077988748,
        5.4175304747999995,
        4.7438411088,
        4.7937747498,
        5.3446418968,
        4.9116991898,
        4.7027338348,
        4.7881389138,
        4.6080168258,
        5.0828433938,
        5.2125798098,
        5.262595173799999,
        4.6631304488,
        5.5122160998,
        4.9858857998,
        5.1677762307999995,
        5.1358672318,
        4.9417400547999994,
        5.5033444258,
        5.3988004418,
        4.4560505788,
        5.1312347628,
        4.8010055508,
        4.6191470298,
        4.9222391268,
        4.8581528958,
        4.9247914698,
        4.9595642587999995,
        4.770316182799999,
        4.9551671638,
        5.0223195858,
        5.6664690237999995,
        4.8719517408,
        4.8885219958,
        5.3672790697999995,
        4.8459822518,
        4.8638360628,
        5.4380236948,
        4.7441828748,
        4.9129205358,
        4.7004495988,
        4.8451670918,
        5.1602650348,
        4.8349324198,
        5.352780968799999,
        4.9559304668,
        4.6541750438,
        4.2178756828,
        4.9951722177999995,
        4.6820475608,
        5.1866751988,
        5.0149534028,
        4.9679340748,
        4.5437733868,
        4.8223884867999995,
        5.1689939818,
        4.9445605528,
        5.2696258928,
        5.3733974638,
        5.0386776378,
        5.2179500068,
        5.0026980837999995,
        5.1493017208,
        4.4905380358,
        4.9598341168,
        5.0856502968,
        5.1475536358,
        4.9422395007999995,
        5.0412466008
      ],
      "exit_codes": [
        0,
        0,
        0,
        0,
        0,
        0,
        0,
        0,
        0,
        0,
        0,
        0,
        0,
        0,
        0,
        0,
        0,
        0,
        0,
        0,
        0,
        0,
        0,
        0,
        0,
        0,
        0,
        0,
        0,
        0,
        0,
        0,
        0,
        0,
        0,
        0,
        0,
        0,
        0,
        0,
        0,
        0,
        0,
        0,
        0,
        0,
        0,
        0,
        0,
        0,
        0,
        0,
        0,
        0,
        0,
        0,
        0,
        0,
        0,
        0,
        0,
        0,
        0,
        0,
        0,
        0,
        0,
        0,
        0,
        0,
        0,
        0,
        0,
        0,
        0,
        0,
        0,
        0,
        0,
        0,
        0,
        0,
        0,
        0,
        0,
        0,
        0,
        0,
        0,
        0,
        0,
        0,
        0,
        0,
        0,
        0,
        0,
        0,
        0,
        0
      ]
    }
  ]
}
