{
  "results": [
    {
      "command": "v4.9.1",
      "mean": 5.473359999369999,
      "stddev": 0.4528106580370187,
      "median": 5.372557265479999,
      "user": 3.53133503,
      "system": 2.119083129999999,
      "min": 4.94392287448,
      "max": 9.06930739748,
      "times": [
        5.823566725479999,
        5.62461285648,
        5.73022056748,
        5.367217742479999,
        5.15931954348,
        5.13155835148,
        5.33933035848,
        5.269348969479999,
        5.77837875048,
        5.81905074948,
        6.43114786848,
        5.55073118248,
        5.70081489448,
        4.94392287448,
        5.08516164648,
        5.055762876479999,
        5.15249776848,
        5.089650293479999,
        4.982175423479999,
        5.157338020479999,
        5.35160101548,
        5.737626004479999,
        5.650036711479999,
        5.57274749648,
        5.87090341348,
        5.3776029764799995,
        5.257637538479999,
        5.26789857948,
        5.239598088479999,
        5.23891003148,
        5.303197882479999,
        5.62958975848,
        5.58366008648,
        5.9025404864799995,
        5.66456321848,
        5.397573395479999,
        5.26861620648,
        5.236745388479999,
        5.14962574248,
        5.21903613448,
        5.167428419479999,
        5.27202359248,
        5.22722665248,
        5.23644221848,
        5.9016872314799995,
        5.23593978248,
        5.68225543048,
        5.519619684479999,
        5.442366520479999,
        5.3644616014799995,
        5.43112767448,
        5.353534273479999,
        5.16715786348,
        5.33364409948,
        5.66240273448,
        5.76079034948,
        5.12846761148,
        5.8816917244799996,
        5.62299876448,
        5.53475278248,
        5.3904119674799995,
        5.884406975479999,
        5.116710632479999,
        5.27466857848,
        5.24852167148,
        5.100798428479999,
        5.86499301648,
        5.322436672479999,
        5.886128761479999,
        5.58273555848,
        5.442436497479999,
        5.40156225248,
        5.16854761548,
        5.35481485348,
        5.371650025479999,
        5.28928537048,
        5.86329279648,
        5.84685970448,
        5.57254906748,
        5.578979780479999,
        5.26373357548,
        9.06930739748,
        5.64250194848,
        5.36021076748,
        5.45127879748,
        5.29665489748,
        5.27221679148,
        5.417002946479999,
        5.170472182479999,
        5.15478113148,
        5.587460839479999,
        4.99929309548,
        5.079486493479999,
        5.5869396364799995,
        5.674598565479999,
        5.68487488248,
        5.33603197448,
        5.373464505479999,
        5.549150064479999,
        5.7672125864799995
      ],
      "exit_codes": [
        0,
        0,
        0,
        0,
        0,
        0,
        0,
        0,
        0,
        0,
        0,
        0,
        0,
        0,
        0,
        0,
        0,
        0,
        0,
        0,
        0,
        0,
        0,
        0,
        0,
        0,
        0,
        0,
        0,
        0,
        0,
        0,
        0,
        0,
        0,
        0,
        0,
        0,
        0,
        0,
        0,
        0,
        0,
        0,
        0,
        0,
        0,
        0,
        0,
        0,
        0,
        0,
        0,
        0,
        0,
        0,
        0,
        0,
        0,
        0,
        0,
        0,
        0,
        0,
        0,
        0,
        0,
        0,
        0,
        0,
        0,
        0,
        0,
        0,
        0,
        0,
        0,
        0,
        0,
        0,
        0,
        0,
        0,
        0,
        0,
        0,
        0,
        0,
        0,
        0,
        0,
        0,
        0,
        0,
        0,
        0,
        0,
        0,
        0,
        0
      ]
    }
  ]
}
