{
  "results": [
    {
      "command": "v5.12.0",
      "mean": 5.37928724745,
      "stddev": 0.25120314815591366,
      "median": 5.394394935339999,
      "user": 3.3995608800000015,
      "system": 2.128117359999999,
      "min": 4.85535043034,
      "max": 6.0137305343400005,
      "times": [
        5.47306983134,
        5.63066983634,
        5.578742156340001,
        5.61487272234,
        5.79350529034,
        5.84941082734,
        5.6597069193400005,
        5.11496281034,
        5.42533184134,
        5.47811397234,
        5.79746674534,
        5.33776506034,
        5.29438715834,
        5.43049692334,
        5.10475413434,
        5.05115980334,
        5.20520811934,
        5.09628119734,
        5.76613979534,
        4.90538549934,
        4.98920765634,
        4.91481680934,
        5.04733902134,
        5.05758421034,
        4.85535043034,
        5.41416489334,
        5.19320840534,
        5.43708298634,
        5.16871154734,
        5.59309812534,
        5.75995808734,
        5.42900063734,
        6.0137305343400005,
        5.16911437334,
        5.79003589834,
        5.15360233734,
        5.503610864340001,
        5.51688586434,
        5.58151489134,
        5.48984453234,
        5.57922377934,
        5.30869408434,
        5.47326006934,
        5.35044527734,
        5.25786188934,
        5.02084508034,
        5.54042309934,
        5.54609051834,
        5.17843597734,
        5.29328068434,
        5.49437558234,
        5.6462514093400005,
        5.47054931534,
        5.33713135834,
        5.12429311734,
        5.7029614543400005,
        5.25274933134,
        5.08324694934,
        5.14123160234,
        5.07993153734,
        5.16066625834,
        5.37456514034,
        5.6813950463400005,
        5.5476823063400005,
        5.50104108634,
        5.47299693534,
        5.46066403234,
        5.73770617934,
        5.17141291434,
        5.43205996334,
        5.34680270534,
        5.38110862934,
        5.1487328773400005,
        4.88510968834,
        4.99338799434,
        5.25457248434,
        5.09584056734,
        5.36568332934,
        4.9789573023400004,
        5.79424098434,
        5.62473746934,
        5.43139058734,
        5.41667897334,
        5.32298366234,
        5.41619022234,
        5.36881351934,
        5.3040278693400005,
        5.76608606234,
        5.19449432334,
        5.7486291643400005,
        5.21825122034,
        5.4852547643400005,
        5.58254283734,
        5.58274069034,
        5.37761464934,
        5.33565596234,
        5.40768124134,
        5.69616053834,
        5.16438199134,
        5.13320770534
      ],
      "exit_codes": [
        0,
        0,
        0,
        0,
        0,
        0,
        0,
        0,
        0,
        0,
        0,
        0,
        0,
        0,
        0,
        0,
        0,
        0,
        0,
        0,
        0,
        0,
        0,
        0,
        0,
        0,
        0,
        0,
        0,
        0,
        0,
        0,
        0,
        0,
        0,
        0,
        0,
        0,
        0,
        0,
        0,
        0,
        0,
        0,
        0,
        0,
        0,
        0,
        0,
        0,
        0,
        0,
        0,
        0,
        0,
        0,
        0,
        0,
        0,
        0,
        0,
        0,
        0,
        0,
        0,
        0,
        0,
        0,
        0,
        0,
        0,
        0,
        0,
        0,
        0,
        0,
        0,
        0,
        0,
        0,
        0,
        0,
        0,
        0,
        0,
        0,
        0,
        0,
        0,
        0,
        0,
        0,
        0,
        0,
        0,
        0,
        0,
        0,
        0,
        0
      ]
    }
  ]
}
