{
  "results": [
    {
      "command": "v18.3.0",
      "mean": 5.99667857609,
      "stddev": 0.4434591673047451,
      "median": 5.90359927748,
      "user": 3.254475920000001,
      "system": 3.0401021299999997,
      "min": 5.1556002224799995,
      "max": 7.6716767374799995,
      "times": [
        6.45777338948,
        6.76093700648,
        6.294422240479999,
        6.0994469774799995,
        5.404080276479999,
        6.21958523848,
        5.69635952948,
        6.034392834479999,
        5.55892249348,
        5.492222197479999,
        6.40983059448,
        5.69896274248,
        5.86305720948,
        6.54624730748,
        5.634839760479999,
        6.204528724479999,
        6.17537603948,
        5.85748088048,
        6.4596532474799995,
        5.55908508748,
        6.23510906748,
        6.3889723924799995,
        6.38969677048,
        7.6716767374799995,
        5.886703381479999,
        5.76812195648,
        5.17478043348,
        6.556089548479999,
        6.044297448479999,
        6.37989834548,
        5.85598819148,
        5.564044892479999,
        5.60395592048,
        5.289296387479999,
        5.81830548248,
        6.386693538479999,
        5.75769441548,
        5.24147140848,
        6.35572562648,
        5.64737326448,
        6.304170816479999,
        5.76334852748,
        5.51752910848,
        5.547032456479999,
        5.754358259479999,
        5.5847467994799995,
        5.757814949479999,
        5.97613534748,
        6.5980338624799995,
        6.591853094479999,
        5.97596696548,
        6.67486240748,
        6.559215443479999,
        5.521093942479999,
        6.12501386448,
        6.23622895848,
        5.91796201548,
        5.7670953444799995,
        5.38875200748,
        5.327690917479999,
        5.1556002224799995,
        5.762984578479999,
        6.333747102479999,
        5.876100452479999,
        5.74029068748,
        5.52102940248,
        6.125508077479999,
        5.517855398479999,
        6.53484791748,
        5.859598677479999,
        5.60644601048,
        5.6088002994799995,
        6.588868949479999,
        5.97983274748,
        6.08764948048,
        5.78452957448,
        5.61244716548,
        5.86632679448,
        5.3762579514799995,
        6.03992092548,
        6.080056828479999,
        5.79670142248,
        5.65914738548,
        6.44780016748,
        6.53797812948,
        6.237140924479999,
        6.13223878248,
        5.71310556948,
        6.248549049479999,
        5.88923653948,
        6.67041520848,
        6.780997870479999,
        6.36619327648,
        5.69034092348,
        6.52571132448,
        5.380913211479999,
        6.32120933548,
        6.331835679479999,
        5.83886813148,
        6.70877135748
      ],
      "exit_codes": [
        0,
        0,
        0,
        0,
        0,
        0,
        0,
        0,
        0,
        0,
        0,
        0,
        0,
        0,
        0,
        0,
        0,
        0,
        0,
        0,
        0,
        0,
        0,
        0,
        0,
        0,
        0,
        0,
        0,
        0,
        0,
        0,
        0,
        0,
        0,
        0,
        0,
        0,
        0,
        0,
        0,
        0,
        0,
        0,
        0,
        0,
        0,
        0,
        0,
        0,
        0,
        0,
        0,
        0,
        0,
        0,
        0,
        0,
        0,
        0,
        0,
        0,
        0,
        0,
        0,
        0,
        0,
        0,
        0,
        0,
        0,
        0,
        0,
        0,
        0,
        0,
        0,
        0,
        0,
        0,
        0,
        0,
        0,
        0,
        0,
        0,
        0,
        0,
        0,
        0,
        0,
        0,
        0,
        0,
        0,
        0,
        0,
        0,
        0,
        0
      ]
    }
  ]
}
