{
  "results": [
    {
      "command": "v11.15.0",
      "mean": 5.286275491710001,
      "stddev": 0.311279057913472,
      "median": 5.27046772866,
      "user": 3.734733799999999,
      "system": 2.221800339999999,
      "min": 4.70197518216,
      "max": 6.04091850016,
      "times": [
        5.15733949116,
        4.72742174216,
        5.1521805161600005,
        5.34607835816,
        5.50972883316,
        4.79044184716,
        4.89918348516,
        5.40910134116,
        5.10805017416,
        5.44065673716,
        5.07456400716,
        5.0712596341600005,
        5.03471494316,
        5.46629553816,
        5.46148561416,
        4.93901932616,
        4.99220607316,
        4.90248683116,
        5.05188772216,
        4.83800476916,
        5.62979361516,
        5.74241553316,
        5.61002701816,
        5.23845151516,
        5.5413882901600005,
        4.96155443316,
        5.26664036516,
        5.3536934271600005,
        5.64484502316,
        5.16649067416,
        5.20486757516,
        4.94208556716,
        5.62857898416,
        4.70197518216,
        5.85740338316,
        4.9766796941600004,
        5.29669834016,
        5.83705279616,
        5.39327773316,
        5.5720659151600005,
        5.19773910516,
        5.55334743616,
        5.12983728716,
        5.34674993116,
        5.60701617516,
        5.32696434816,
        5.12170470316,
        4.77727564816,
        5.49517944516,
        4.70797943916,
        4.83479742616,
        5.6819556141600005,
        5.4146166111600005,
        5.10651450016,
        5.65003965416,
        5.6686827631600005,
        5.27429509216,
        5.27503778616,
        5.02197112316,
        6.04091850016,
        5.49258890116,
        5.18692805816,
        5.23107571316,
        5.16233536116,
        5.80806604016,
        5.76420323616,
        5.7259584851600005,
        4.86632338416,
        5.54190045616,
        5.55929778216,
        5.09731001916,
        4.94703164116,
        5.44930110816,
        5.09635868416,
        5.32092160816,
        5.37709229516,
        4.97835811916,
        4.94565976716,
        5.50270351016,
        4.94812426216,
        4.96747218416,
        5.23686465516,
        4.91852357616,
        4.93441005016,
        5.39307426516,
        5.7073151521600005,
        5.67240677616,
        5.7628506251600005,
        5.26243612416,
        5.29369664716,
        5.14641300816,
        5.61329552116,
        5.4572175111600005,
        4.78350350116,
        5.20971773916,
        5.2604453191600005,
        5.45488752716,
        5.07074309916,
        5.35978047116,
        5.9502423471600006
      ],
      "exit_codes": [
        0,
        0,
        0,
        0,
        0,
        0,
        0,
        0,
        0,
        0,
        0,
        0,
        0,
        0,
        0,
        0,
        0,
        0,
        0,
        0,
        0,
        0,
        0,
        0,
        0,
        0,
        0,
        0,
        0,
        0,
        0,
        0,
        0,
        0,
        0,
        0,
        0,
        0,
        0,
        0,
        0,
        0,
        0,
        0,
        0,
        0,
        0,
        0,
        0,
        0,
        0,
        0,
        0,
        0,
        0,
        0,
        0,
        0,
        0,
        0,
        0,
        0,
        0,
        0,
        0,
        0,
        0,
        0,
        0,
        0,
        0,
        0,
        0,
        0,
        0,
        0,
        0,
        0,
        0,
        0,
        0,
        0,
        0,
        0,
        0,
        0,
        0,
        0,
        0,
        0,
        0,
        0,
        0,
        0,
        0,
        0,
        0,
        0,
        0,
        0
      ]
    }
  ]
}
