{
  "results": [
    {
      "command": "v12.22.12",
      "mean": 5.07280243494,
      "stddev": 0.2619208876554494,
      "median": 5.040399149720001,
      "user": 3.8105036899999982,
      "system": 2.0677907699999993,
      "min": 4.610443038720001,
      "max": 5.72984958572,
      "times": [
        5.160709245720001,
        5.16478060172,
        5.18134842272,
        5.07636204972,
        5.09199804372,
        5.11644480972,
        4.880274492720001,
        5.41962918772,
        4.97140228572,
        5.40494643472,
        4.82499649772,
        4.827484985720001,
        4.98179448572,
        4.68309959772,
        5.72660722272,
        4.921778557720001,
        5.27264851772,
        5.07865270372,
        5.09307422872,
        5.41060643672,
        5.221492292720001,
        4.85124514772,
        4.85910785372,
        5.658910903720001,
        4.892884656720001,
        4.65389045572,
        4.77325450072,
        5.3545935377200005,
        5.17571336972,
        5.25755711472,
        5.480023864720001,
        5.295793385720001,
        5.178493990720001,
        5.42359301972,
        5.1886869977200005,
        5.376540733720001,
        5.497478007720001,
        4.988535226720001,
        5.20582730072,
        4.96031463272,
        5.497157333720001,
        4.906584560720001,
        5.12019222172,
        5.09844078372,
        5.49163642472,
        4.92409195872,
        4.798479948720001,
        5.27095816272,
        4.81096544972,
        5.4476592337200005,
        5.479112589720001,
        5.00545906372,
        4.92666366272,
        4.78424725072,
        4.90077261172,
        4.99780614672,
        4.84339712572,
        5.395680539720001,
        4.94767285172,
        5.00527896872,
        5.13885544672,
        5.72984958572,
        4.802396245720001,
        4.65817338372,
        4.80185289972,
        4.610443038720001,
        4.88608707572,
        4.94506102472,
        4.97389500272,
        5.14616584272,
        5.675122695720001,
        4.73372720772,
        5.247220572720001,
        5.11113278972,
        4.70918870972,
        4.916325851720001,
        5.15755326772,
        5.03172718072,
        4.88741915572,
        4.77095914572,
        5.01483592872,
        4.91102465672,
        5.025276771720001,
        5.081357591720001,
        5.1076027687200005,
        4.69915960672,
        4.758785763720001,
        5.044537832720001,
        4.918452532720001,
        5.08282691272,
        5.08308652772,
        5.61983151172,
        4.74330280572,
        5.259072267720001,
        4.7898509037200006,
        4.829225134720001,
        4.772660018720001,
        5.18389082972,
        5.15121384672,
        5.03626046672
      ],
      "exit_codes": [
        0,
        0,
        0,
        0,
        0,
        0,
        0,
        0,
        0,
        0,
        0,
        0,
        0,
        0,
        0,
        0,
        0,
        0,
        0,
        0,
        0,
        0,
        0,
        0,
        0,
        0,
        0,
        0,
        0,
        0,
        0,
        0,
        0,
        0,
        0,
        0,
        0,
        0,
        0,
        0,
        0,
        0,
        0,
        0,
        0,
        0,
        0,
        0,
        0,
        0,
        0,
        0,
        0,
        0,
        0,
        0,
        0,
        0,
        0,
        0,
        0,
        0,
        0,
        0,
        0,
        0,
        0,
        0,
        0,
        0,
        0,
        0,
        0,
        0,
        0,
        0,
        0,
        0,
        0,
        0,
        0,
        0,
        0,
        0,
        0,
        0,
        0,
        0,
        0,
        0,
        0,
        0,
        0,
        0,
        0,
        0,
        0,
        0,
        0,
        0
      ]
    }
  ]
}
