{
  "results": [
    {
      "command": "v10.24.1",
      "mean": 5.14878377354,
      "stddev": 0.2748279828320144,
      "median": 5.12588362288,
      "user": 3.815126520000001,
      "system": 2.1132987599999993,
      "min": 4.60063022738,
      "max": 5.90775377638,
      "times": [
        5.48555191838,
        5.44078083338,
        5.90775377638,
        5.38359378838,
        5.29237990438,
        5.27464093538,
        5.07947202138,
        5.11571518938,
        5.54671355438,
        4.86494602638,
        5.17754004938,
        4.9665812463800005,
        4.83325044938,
        5.18925747038,
        5.09543293538,
        4.78604846838,
        4.97036802938,
        4.90009881538,
        4.98635166738,
        5.0296756163800005,
        5.43047525338,
        5.29239283738,
        5.2863329203800005,
        4.78156387938,
        4.97800674738,
        4.96620005438,
        5.01372823838,
        5.13577092638,
        4.92058078838,
        4.6727783163800005,
        4.97759427238,
        4.88226819838,
        5.13739738838,
        5.03270459538,
        5.46077356238,
        5.05257406938,
        4.99821940038,
        4.73712619338,
        4.63002705438,
        5.32191091638,
        5.75703929138,
        5.55006839138,
        4.68955897038,
        5.39001427338,
        4.60063022738,
        5.46114173538,
        5.415115939380001,
        4.74683995338,
        5.48013410438,
        5.26657529438,
        5.26469346538,
        5.31410682138,
        5.02100019138,
        5.3566781073800005,
        5.21881585038,
        5.68068608138,
        5.01396281338,
        5.21306020238,
        5.09534746538,
        4.87228051038,
        5.14073343838,
        5.13156750438,
        5.18686613838,
        4.8195366793800005,
        5.04014954438,
        4.85970441138,
        5.19003874438,
        4.99219149238,
        5.3594204883800005,
        4.72291192338,
        4.87999877738,
        5.0810910303800005,
        5.34051208538,
        5.32261147838,
        4.78068872438,
        4.87718827338,
        4.90265913238,
        4.82033504638,
        5.1201997413800004,
        5.64934898338,
        5.37892183638,
        5.17765396438,
        5.04656478538,
        5.12018283738,
        5.2084133683800005,
        5.36087435338,
        4.93186912338,
        5.35634409638,
        5.75005235438,
        5.51249361538,
        5.06757816638,
        5.15625010538,
        4.9037254283800005,
        5.68953107638,
        5.08634050038,
        5.06344226638,
        5.29737953838,
        5.2376391383800005,
        5.65963598038,
        5.2134031833800005
      ],
      "exit_codes": [
        0,
        0,
        0,
        0,
        0,
        0,
        0,
        0,
        0,
        0,
        0,
        0,
        0,
        0,
        0,
        0,
        0,
        0,
        0,
        0,
        0,
        0,
        0,
        0,
        0,
        0,
        0,
        0,
        0,
        0,
        0,
        0,
        0,
        0,
        0,
        0,
        0,
        0,
        0,
        0,
        0,
        0,
        0,
        0,
        0,
        0,
        0,
        0,
        0,
        0,
        0,
        0,
        0,
        0,
        0,
        0,
        0,
        0,
        0,
        0,
        0,
        0,
        0,
        0,
        0,
        0,
        0,
        0,
        0,
        0,
        0,
        0,
        0,
        0,
        0,
        0,
        0,
        0,
        0,
        0,
        0,
        0,
        0,
        0,
        0,
        0,
        0,
        0,
        0,
        0,
        0,
        0,
        0,
        0,
        0,
        0,
        0,
        0,
        0,
        0
      ]
    }
  ]
}
