{
  "results": [
    {
      "command": "v8.17.0",
      "mean": 5.280464259909999,
      "stddev": 0.28605238639196684,
      "median": 5.2770413538800005,
      "user": 3.72365932,
      "system": 2.07357985,
      "min": 4.728592385380001,
      "max": 5.82127151438,
      "times": [
        5.2520821273800005,
        5.497819451380001,
        5.82127151438,
        5.42886217738,
        5.1422575663800005,
        5.0352397593800005,
        4.9695176753800006,
        4.874487531380001,
        5.29174992538,
        5.31366079338,
        4.960447090380001,
        4.754649838380001,
        5.06554087538,
        5.3720217013800005,
        5.19155495938,
        5.16961989338,
        4.83588858538,
        4.818150339380001,
        5.27121931838,
        4.79153710938,
        5.22503223238,
        4.867547630380001,
        5.68640392938,
        5.16269689638,
        5.21135889538,
        4.99562495238,
        5.45199476738,
        4.89392481838,
        5.644380996380001,
        5.38280545838,
        5.36628353438,
        5.3054166693800004,
        5.28700783838,
        5.3978948753800005,
        4.9747370683800005,
        5.28170782938,
        5.190450928380001,
        4.890323959380001,
        5.189079668380001,
        5.3013232423800005,
        5.22024544938,
        5.51170559338,
        5.273587619380001,
        4.9524578443800005,
        5.43409622438,
        5.01320223838,
        5.73375424738,
        4.86918713938,
        5.56485406838,
        5.121346417380001,
        5.413913781380001,
        5.26988454838,
        5.15511187538,
        5.40850591838,
        5.36110057638,
        5.354600669380001,
        4.90850099638,
        5.08581030938,
        5.59956607538,
        5.6668034273800005,
        5.58715332438,
        4.728592385380001,
        5.63979781338,
        5.6712678613800005,
        5.33465601238,
        5.38537310638,
        5.279946643380001,
        5.274152460380001,
        5.75783458238,
        5.03175718638,
        5.23950572838,
        5.67847788038,
        5.240189082380001,
        5.70776521638,
        5.62540280638,
        5.588910038380001,
        5.27993024738,
        5.27021118438,
        5.31937077238,
        5.13876853038,
        5.384197335380001,
        5.628462223380001,
        4.87714955838,
        5.79927933438,
        5.08354842338,
        5.77138645838,
        4.751302642380001,
        5.105291669380001,
        4.871118854380001,
        5.00792566738,
        5.63736029138,
        5.772571199380001,
        5.40516607138,
        5.7881884043800005,
        5.47327078438,
        5.22658466038,
        5.2598634553800006,
        5.74329412538,
        5.31736775238,
        4.88222477438
      ],
      "exit_codes": [
        0,
        0,
        0,
        0,
        0,
        0,
        0,
        0,
        0,
        0,
        0,
        0,
        0,
        0,
        0,
        0,
        0,
        0,
        0,
        0,
        0,
        0,
        0,
        0,
        0,
        0,
        0,
        0,
        0,
        0,
        0,
        0,
        0,
        0,
        0,
        0,
        0,
        0,
        0,
        0,
        0,
        0,
        0,
        0,
        0,
        0,
        0,
        0,
        0,
        0,
        0,
        0,
        0,
        0,
        0,
        0,
        0,
        0,
        0,
        0,
        0,
        0,
        0,
        0,
        0,
        0,
        0,
        0,
        0,
        0,
        0,
        0,
        0,
        0,
        0,
        0,
        0,
        0,
        0,
        0,
        0,
        0,
        0,
        0,
        0,
        0,
        0,
        0,
        0,
        0,
        0,
        0,
        0,
        0,
        0,
        0,
        0,
        0,
        0,
        0
      ]
    }
  ]
}
