{
  "results": [
    {
      "command": "v14.19.3",
      "mean": 4.941819708779999,
      "stddev": 0.30537987776406467,
      "median": 4.9284189537000005,
      "user": 3.2388119399999997,
      "system": 2.00638046,
      "min": 4.0015613927,
      "max": 5.5653741047,
      "times": [
        4.6290685457,
        5.3797672867,
        4.995524151700001,
        5.4715824007,
        4.3252953587,
        4.647109400700001,
        5.5294412327,
        5.2305187247000005,
        4.4933120057,
        4.3929533677000006,
        4.9295253167,
        4.9436707887,
        4.9125561367,
        4.8801800457,
        5.5653741047,
        4.9394466577000005,
        5.344890561700001,
        4.6388986137,
        4.846000499700001,
        4.927312590700001,
        4.9668818497,
        4.8120239447,
        5.3606688257,
        4.5981003257,
        5.0395783527,
        4.8515630077,
        5.0277872907,
        4.8989030487,
        4.9821852557,
        4.8065183667,
        5.0234811067,
        4.984065971700001,
        4.8795180857,
        5.1191531627,
        5.1011023777,
        4.9757444267,
        5.2404750997,
        4.7671764807,
        5.2338034927,
        4.9850741997000005,
        4.7557255967000005,
        5.0048235087,
        4.9734928997,
        5.3097420567,
        4.9209274047000005,
        5.011741653700001,
        4.7268882187,
        5.531764287700001,
        4.9123642237,
        4.8785100977,
        4.9129914827,
        5.4819411107,
        4.8489339807,
        4.853216568700001,
        4.8468359637,
        4.8069785197,
        5.1701964377000005,
        5.0332894177,
        5.1045329797,
        5.2789825407,
        4.7213437567000005,
        4.7494601487,
        5.4255064077,
        4.8239283427,
        4.812376486700001,
        5.043081244700001,
        5.3749351267000005,
        4.4284850187,
        5.0462119947,
        4.9816282227,
        5.0958416837,
        4.9965161667,
        5.1063136667,
        4.982274379700001,
        5.5073282427,
        5.0363852687,
        4.7844758197,
        4.8888360787,
        4.7908115827,
        4.8991402727,
        4.0015613927,
        4.4673556527,
        5.4882280067,
        4.2542461817,
        4.4712102937000004,
        4.3317244957000005,
        4.5077642277,
        4.2133953507,
        4.8747493867000005,
        4.9194274677,
        4.9681952757,
        5.230455499700001,
        5.0089991077,
        4.7464997857,
        4.882960934700001,
        4.8634160867,
        4.9242075427000005,
        5.345501451700001,
        4.9006564717000005,
        5.2464249407
      ],
      "exit_codes": [
        0,
        0,
        0,
        0,
        0,
        0,
        0,
        0,
        0,
        0,
        0,
        0,
        0,
        0,
        0,
        0,
        0,
        0,
        0,
        0,
        0,
        0,
        0,
        0,
        0,
        0,
        0,
        0,
        0,
        0,
        0,
        0,
        0,
        0,
        0,
        0,
        0,
        0,
        0,
        0,
        0,
        0,
        0,
        0,
        0,
        0,
        0,
        0,
        0,
        0,
        0,
        0,
        0,
        0,
        0,
        0,
        0,
        0,
        0,
        0,
        0,
        0,
        0,
        0,
        0,
        0,
        0,
        0,
        0,
        0,
        0,
        0,
        0,
        0,
        0,
        0,
        0,
        0,
        0,
        0,
        0,
        0,
        0,
        0,
        0,
        0,
        0,
        0,
        0,
        0,
        0,
        0,
        0,
        0,
        0,
        0,
        0,
        0,
        0,
        0
      ]
    }
  ]
}
