{
  "results": [
    {
      "command": "v16.15.1",
      "mean": 5.0020693954199995,
      "stddev": 0.26397047103082205,
      "median": 4.96483039664,
      "user": 3.2657279399999997,
      "system": 2.0104080999999994,
      "min": 4.30344246364,
      "max": 5.5938830266399995,
      "times": [
        4.87436090764,
        4.792107801639999,
        5.21682618664,
        4.94572178664,
        5.22542819264,
        4.82287112364,
        4.4459534626399995,
        5.190416980639999,
        5.5227145446399994,
        4.96352691964,
        4.82506327664,
        5.28232770464,
        4.614065441639999,
        5.33821431264,
        5.025574230639999,
        5.126701317639999,
        4.775408091639999,
        4.94566819764,
        5.07153433064,
        5.53945668064,
        5.38421334364,
        4.720930108639999,
        5.05423317764,
        4.82499817164,
        5.1115985756399995,
        5.20473920264,
        4.83749212764,
        4.74976828364,
        5.2987402886399995,
        4.82579700264,
        4.76371670964,
        4.91131835564,
        4.89747170264,
        4.93082646564,
        4.68473582564,
        5.0078667356399995,
        5.36481404464,
        4.38202377564,
        4.9859949406399995,
        5.10674785564,
        5.05414071464,
        4.97000308564,
        5.38906272764,
        5.12938741564,
        5.36656286964,
        4.8506376396399995,
        4.9970007366399996,
        4.93031520264,
        4.8554560236399995,
        4.806594672639999,
        5.05985858564,
        4.96613387364,
        4.913521879639999,
        5.55835302664,
        5.37347322764,
        4.85245668764,
        4.8355341876399995,
        4.69777359164,
        4.625653852639999,
        5.20890445264,
        4.80539942564,
        4.71524910664,
        5.18613556764,
        4.81577432064,
        4.83943525764,
        5.0921568196399996,
        4.76127166764,
        5.45043392664,
        4.69164889464,
        5.2431364366399995,
        4.9155449536399995,
        5.24834685864,
        4.62318885064,
        5.06745507764,
        5.14726406564,
        4.926518715639999,
        4.995164990639999,
        4.66287768264,
        4.30344246364,
        5.414779537639999,
        5.10387952564,
        5.24463197164,
        5.3868353426399995,
        5.064634078639999,
        4.7743300266399995,
        5.06948760264,
        4.86690638564,
        5.39574592264,
        5.038279613639999,
        4.72321493464,
        5.5938830266399995,
        4.91325517464,
        4.85171103264,
        4.92670823064,
        5.40692558964,
        5.07635668064,
        4.71925678264,
        4.89205736164,
        5.32020680564,
        4.9006161946399995
      ],
      "exit_codes": [
        0,
        0,
        0,
        0,
        0,
        0,
        0,
        0,
        0,
        0,
        0,
        0,
        0,
        0,
        0,
        0,
        0,
        0,
        0,
        0,
        0,
        0,
        0,
        0,
        0,
        0,
        0,
        0,
        0,
        0,
        0,
        0,
        0,
        0,
        0,
        0,
        0,
        0,
        0,
        0,
        0,
        0,
        0,
        0,
        0,
        0,
        0,
        0,
        0,
        0,
        0,
        0,
        0,
        0,
        0,
        0,
        0,
        0,
        0,
        0,
        0,
        0,
        0,
        0,
        0,
        0,
        0,
        0,
        0,
        0,
        0,
        0,
        0,
        0,
        0,
        0,
        0,
        0,
        0,
        0,
        0,
        0,
        0,
        0,
        0,
        0,
        0,
        0,
        0,
        0,
        0,
        0,
        0,
        0,
        0,
        0,
        0,
        0,
        0,
        0
      ]
    }
  ]
}
