{
  "results": [
    {
      "command": "v6.17.1",
      "mean": 5.280604303029999,
      "stddev": 0.255674234008895,
      "median": 5.249352829619999,
      "user": 3.431735099999999,
      "system": 2.0629793699999994,
      "min": 4.70025170112,
      "max": 5.874493570119999,
      "times": [
        4.78622226912,
        5.04944313912,
        5.1742345811199995,
        5.05891381912,
        5.18266065112,
        5.07694476612,
        5.45204325712,
        4.9042552411199996,
        5.40775795012,
        5.43527538612,
        5.7382848181199995,
        5.39328067612,
        5.40606546012,
        5.77951932612,
        5.5321047841199995,
        5.203979042119999,
        5.30122127912,
        5.07829232612,
        4.97450293712,
        4.93621558612,
        5.20464621012,
        5.48543365912,
        5.06706559412,
        4.99210068212,
        5.5177512021199995,
        5.22933501212,
        5.78083362712,
        5.41782809812,
        5.24633998112,
        5.36134578212,
        5.2697773111199995,
        5.17862634612,
        5.6159772091199995,
        5.08270816112,
        4.96810255412,
        5.0766046961199995,
        5.30216709712,
        5.22706268312,
        5.607861457119999,
        4.9969585061199995,
        5.45948417212,
        5.15820093212,
        5.15259705412,
        5.10580636412,
        5.13817514812,
        5.53880403212,
        5.55221612012,
        5.52408707912,
        5.66764282812,
        5.56550857212,
        5.2498960621199995,
        5.00736246312,
        5.4274431631199995,
        4.86478894312,
        4.82807791712,
        4.94838017112,
        5.78297391712,
        5.23113223212,
        5.1588540181199996,
        5.42417028312,
        4.87284050412,
        5.73867454812,
        5.552613314119999,
        5.147794860119999,
        5.34463456312,
        5.26508662612,
        4.70025170112,
        5.4199770771199995,
        5.15103803512,
        5.3116171541199995,
        5.27868735512,
        5.22776063112,
        5.21075713612,
        5.16863378712,
        4.91901283412,
        5.602103717119999,
        4.93691403212,
        5.6610562691199995,
        5.003592988119999,
        5.51630633912,
        5.4549697331199996,
        5.60836936612,
        5.21893438712,
        5.41413725012,
        5.27093144812,
        5.1934186981199995,
        5.31073208712,
        5.24880959712,
        5.874493570119999,
        5.03167453012,
        5.08185671412,
        5.56394168612,
        5.612612449119999,
        5.039509661119999,
        5.59250009612,
        5.50112400112,
        5.26654948912,
        5.33812347812,
        5.01815696312,
        5.10488698812
      ],
      "exit_codes": [
        0,
        0,
        0,
        0,
        0,
        0,
        0,
        0,
        0,
        0,
        0,
        0,
        0,
        0,
        0,
        0,
        0,
        0,
        0,
        0,
        0,
        0,
        0,
        0,
        0,
        0,
        0,
        0,
        0,
        0,
        0,
        0,
        0,
        0,
        0,
        0,
        0,
        0,
        0,
        0,
        0,
        0,
        0,
        0,
        0,
        0,
        0,
        0,
        0,
        0,
        0,
        0,
        0,
        0,
        0,
        0,
        0,
        0,
        0,
        0,
        0,
        0,
        0,
        0,
        0,
        0,
        0,
        0,
        0,
        0,
        0,
        0,
        0,
        0,
        0,
        0,
        0,
        0,
        0,
        0,
        0,
        0,
        0,
        0,
        0,
        0,
        0,
        0,
        0,
        0,
        0,
        0,
        0,
        0,
        0,
        0,
        0,
        0,
        0,
        0
      ]
    }
  ]
}
