{
  "results": [
    {
      "command": "v9.11.2",
      "mean": 5.38882853482,
      "stddev": 0.28981298097698444,
      "median": 5.38027662148,
      "user": 3.9210780899999986,
      "system": 2.0744074699999997,
      "min": 4.83970336598,
      "max": 5.97983293798,
      "times": [
        5.55926369498,
        5.55105347198,
        5.45583666798,
        5.30886558298,
        5.00072632798,
        5.55699378098,
        4.98766373698,
        5.05292680898,
        5.23847281198,
        5.84149278998,
        5.38430789698,
        5.45042295298,
        5.0885883529800005,
        5.12457688798,
        5.06420709298,
        5.68164318698,
        5.18055903998,
        5.80267036598,
        5.35951498198,
        5.49655086798,
        5.93918712698,
        5.18097645498,
        5.21057549298,
        5.02305342998,
        5.05010842298,
        5.08362238198,
        4.99916691598,
        5.11768928698,
        5.84535576798,
        5.9281393299800005,
        5.94729443498,
        5.56346849598,
        5.32080204398,
        5.24548734498,
        5.37043168898,
        5.80694221998,
        4.98017022298,
        5.03781131298,
        5.01758189498,
        5.06958349298,
        5.83293086598,
        5.18016883498,
        5.78368186198,
        5.51117813998,
        5.80779903398,
        5.50098216798,
        5.7542196069800005,
        5.81278866498,
        5.08865337598,
        4.83970336598,
        5.60297340398,
        5.97983293798,
        5.6392003089800005,
        5.84602251398,
        5.53514203098,
        5.38283897298,
        5.28245646398,
        5.47360633098,
        5.14862498598,
        5.37125740898,
        5.42486318998,
        5.24146614798,
        5.21205631198,
        5.01866699298,
        5.76099726598,
        5.74837909998,
        5.39091280098,
        5.3929549239800005,
        4.9373214259800005,
        5.58735207498,
        5.28105888898,
        5.30581480798,
        5.56410744198,
        4.9882932889800005,
        5.1851194749800005,
        5.24346577398,
        5.26640968598,
        5.57049879198,
        5.64736031798,
        5.59719564398,
        5.75702240898,
        5.64592941198,
        5.25387166298,
        5.40734683598,
        5.44953947898,
        5.02731284298,
        5.59586296098,
        5.14780042598,
        5.07561630898,
        5.03213122798,
        5.21964695898,
        5.93155122898,
        5.46270195498,
        5.42563069698,
        5.4027334729800005,
        4.986266590980001,
        5.36757984698,
        5.53487780798,
        5.11957639298,
        5.37771426998
      ],
      "exit_codes": [
        0,
        0,
        0,
        0,
        0,
        0,
        0,
        0,
        0,
        0,
        0,
        0,
        0,
        0,
        0,
        0,
        0,
        0,
        0,
        0,
        0,
        0,
        0,
        0,
        0,
        0,
        0,
        0,
        0,
        0,
        0,
        0,
        0,
        0,
        0,
        0,
        0,
        0,
        0,
        0,
        0,
        0,
        0,
        0,
        0,
        0,
        0,
        0,
        0,
        0,
        0,
        0,
        0,
        0,
        0,
        0,
        0,
        0,
        0,
        0,
        0,
        0,
        0,
        0,
        0,
        0,
        0,
        0,
        0,
        0,
        0,
        0,
        0,
        0,
        0,
        0,
        0,
        0,
        0,
        0,
        0,
        0,
        0,
        0,
        0,
        0,
        0,
        0,
        0,
        0,
        0,
        0,
        0,
        0,
        0,
        0,
        0,
        0,
        0,
        0
      ]
    }
  ]
}
