{
  "results": [
    {
      "command": "v13.14.0",
      "mean": 5.04019368781,
      "stddev": 0.38447930156412263,
      "median": 5.01838588136,
      "user": 3.299636859999999,
      "system": 2.0453033500000006,
      "min": 4.35938978286,
      "max": 5.92260099086,
      "times": [
        4.618029093860001,
        4.8109034818600005,
        4.59345622886,
        4.35938978286,
        5.471226570860001,
        5.35302474586,
        4.69303550786,
        4.96440161086,
        5.76396904086,
        4.640800850860001,
        5.02186248086,
        4.75376438386,
        4.615625892860001,
        4.96529374186,
        4.67508417486,
        5.041844197860001,
        4.89361936386,
        5.5005537248600005,
        4.74006795686,
        4.72387954686,
        4.92369472886,
        5.06551729686,
        5.684663902860001,
        4.59776238486,
        5.03540126986,
        5.4985034738600005,
        4.67890975286,
        4.89972613086,
        4.5818349748600005,
        5.1985472148600005,
        4.72960845686,
        5.02829745986,
        4.93690962586,
        5.03764717686,
        5.48833522286,
        4.92926665686,
        4.68528153986,
        4.7547878498600005,
        4.724321924860001,
        4.493000293860001,
        5.145223075860001,
        5.50665088586,
        5.43557983986,
        4.92738167086,
        4.80087726086,
        5.079983014860001,
        5.12595226486,
        5.87578168886,
        5.471853679860001,
        4.610731228860001,
        5.731581627860001,
        4.54367115386,
        4.54551741986,
        5.00731872586,
        5.27466957586,
        5.86924251886,
        5.6923797158600005,
        5.37427978186,
        5.37152373686,
        4.528412335860001,
        5.22231221986,
        5.92260099086,
        4.803767258860001,
        5.0149092818600005,
        5.21713536986,
        5.18171118486,
        5.21622296586,
        5.201862596860001,
        5.05059717486,
        4.90136951786,
        4.77158120086,
        5.56310666086,
        4.46753830986,
        5.3763842338600005,
        5.4156633558600005,
        4.82136398086,
        4.870118581860001,
        5.314196168860001,
        5.03671447686,
        4.84789508386,
        4.55829728486,
        4.879774025860001,
        4.4031020428600005,
        5.22509442886,
        5.586772384860001,
        5.84535082286,
        5.13672269186,
        5.08510834586,
        4.6989824458600005,
        4.804426378860001,
        5.700480622860001,
        5.178856085860001,
        5.364441135860001,
        4.88814217886,
        5.2654159838600005,
        5.174795357860001,
        5.35662961286,
        4.573486513860001,
        4.564643273860001,
        4.42133562686
      ],
      "exit_codes": [
        0,
        0,
        0,
        0,
        0,
        0,
        0,
        0,
        0,
        0,
        0,
        0,
        0,
        0,
        0,
        0,
        0,
        0,
        0,
        0,
        0,
        0,
        0,
        0,
        0,
        0,
        0,
        0,
        0,
        0,
        0,
        0,
        0,
        0,
        0,
        0,
        0,
        0,
        0,
        0,
        0,
        0,
        0,
        0,
        0,
        0,
        0,
        0,
        0,
        0,
        0,
        0,
        0,
        0,
        0,
        0,
        0,
        0,
        0,
        0,
        0,
        0,
        0,
        0,
        0,
        0,
        0,
        0,
        0,
        0,
        0,
        0,
        0,
        0,
        0,
        0,
        0,
        0,
        0,
        0,
        0,
        0,
        0,
        0,
        0,
        0,
        0,
        0,
        0,
        0,
        0,
        0,
        0,
        0,
        0,
        0,
        0,
        0,
        0,
        0
      ]
    }
  ]
}
