{
  "results": [
    {
      "command": "v7.10.1",
      "mean": 5.465229481060001,
      "stddev": 0.2692365358001764,
      "median": 5.4273869572399995,
      "user": 3.702293699999998,
      "system": 2.0244061200000005,
      "min": 4.97930939924,
      "max": 6.46348086624,
      "times": [
        5.746942741240001,
        4.97930939924,
        5.2363790022400005,
        5.28847680724,
        5.51477786524,
        4.99279545024,
        5.42805641224,
        5.51525930624,
        5.68021772524,
        5.66787312724,
        5.337235194240001,
        5.259050961240001,
        5.909746424240001,
        5.84481446124,
        5.60672232024,
        5.84360265224,
        5.47099798124,
        5.31001220124,
        5.72795645124,
        5.68595780324,
        5.15803307124,
        5.08978753124,
        5.49217024424,
        6.46348086624,
        5.78956167824,
        5.45658204724,
        5.437090614240001,
        5.45541992324,
        5.44428254424,
        5.31269725924,
        5.294017928240001,
        5.09933180324,
        5.26784539824,
        5.3704051572400004,
        5.18234603224,
        5.56826786724,
        5.82533990624,
        5.57390863324,
        5.27845368724,
        5.415055934240001,
        5.53634400424,
        5.33115046624,
        5.3130390182400005,
        5.1474997592400005,
        5.29043933024,
        5.283270309240001,
        5.794531329240001,
        5.06275135324,
        5.20949351524,
        5.78148131624,
        5.88921305724,
        5.2699256642400005,
        5.472067984240001,
        5.275336798240001,
        5.36903777124,
        5.32812146824,
        5.15754706524,
        5.00691586724,
        5.45490722324,
        5.72543516224,
        5.56170522124,
        5.44718950924,
        5.34789822924,
        5.5002821302400005,
        5.257598267240001,
        5.20756546924,
        5.285046916240001,
        5.40240984624,
        5.42671750224,
        5.301584961240001,
        6.0564364492400005,
        5.31165908324,
        5.41011545824,
        5.5948945312400005,
        5.54446039024,
        5.11023131524,
        5.946720405240001,
        6.13974509524,
        5.35340330824,
        5.580925762240001,
        5.40158056824,
        5.7426104252400005,
        5.65023854124,
        5.83816969324,
        5.5208783962400005,
        5.31976633024,
        5.2524954712400005,
        5.2415960022400006,
        5.318275932240001,
        5.25898854224,
        5.0201300702400005,
        5.8792885552400005,
        5.62077885624,
        5.52343365824,
        5.51135143824,
        5.38779538224,
        5.65445108624,
        5.71466350124,
        5.9013653582400005,
        5.25972957024
      ],
      "exit_codes": [
        0,
        0,
        0,
        0,
        0,
        0,
        0,
        0,
        0,
        0,
        0,
        0,
        0,
        0,
        0,
        0,
        0,
        0,
        0,
        0,
        0,
        0,
        0,
        0,
        0,
        0,
        0,
        0,
        0,
        0,
        0,
        0,
        0,
        0,
        0,
        0,
        0,
        0,
        0,
        0,
        0,
        0,
        0,
        0,
        0,
        0,
        0,
        0,
        0,
        0,
        0,
        0,
        0,
        0,
        0,
        0,
        0,
        0,
        0,
        0,
        0,
        0,
        0,
        0,
        0,
        0,
        0,
        0,
        0,
        0,
        0,
        0,
        0,
        0,
        0,
        0,
        0,
        0,
        0,
        0,
        0,
        0,
        0,
        0,
        0,
        0,
        0,
        0,
        0,
        0,
        0,
        0,
        0,
        0,
        0,
        0,
        0,
        0,
        0,
        0
      ]
    }
  ]
}
