{
  "results": [
    {
      "command": "v15.14.0",
      "mean": 4.999956646369999,
      "stddev": 0.31503748443786267,
      "median": 4.96681944128,
      "user": 3.306751159999999,
      "system": 1.9755816,
      "min": 4.14153653778,
      "max": 5.80759128778,
      "times": [
        4.49905089478,
        4.97393373678,
        5.09248777478,
        4.5409377087800005,
        5.12913963278,
        5.18794426978,
        4.97290388978,
        4.88159045178,
        4.985727279780001,
        5.11978957278,
        5.611853103780001,
        4.859677387780001,
        5.17083176878,
        4.9788684217800006,
        5.05754849578,
        4.69500523878,
        4.80364398778,
        5.0802030587800004,
        5.80759128778,
        4.7060718897800005,
        4.87310792678,
        4.54640063378,
        5.00137314378,
        4.8415283567800005,
        4.84755932678,
        5.271594304780001,
        4.87400844278,
        5.28925473778,
        4.99447072578,
        5.50329707778,
        4.73557908178,
        4.89602656078,
        4.92844478878,
        5.01985666578,
        4.832414608780001,
        4.792200369780001,
        5.3326262067800005,
        4.76740329478,
        5.08272665378,
        4.45044933278,
        4.55482445078,
        5.1848277427800005,
        5.00378192278,
        5.04942521078,
        5.02888381078,
        5.2320043507800005,
        5.41092682178,
        4.93504795478,
        4.88303757878,
        5.7005664967800005,
        4.83371326378,
        5.48457486878,
        5.03060292578,
        5.114857374780001,
        4.77428257578,
        4.75122078578,
        4.73745509878,
        4.14153653778,
        5.06154459678,
        5.089414837780001,
        5.04559740978,
        4.90698830278,
        5.63032525978,
        4.9023805647800005,
        4.78311324878,
        5.62348312778,
        4.96195138078,
        5.3552986777800005,
        4.78841196878,
        4.85152906578,
        4.770153183780001,
        4.91942664878,
        5.6412332777800005,
        4.97168750178,
        5.42410601778,
        4.7064492837800005,
        4.66791689378,
        5.383092785780001,
        4.571781698780001,
        4.85788929178,
        5.10200641478,
        5.16251726978,
        5.26894949478,
        4.675185384780001,
        4.68581778278,
        4.819002574780001,
        4.94097023778,
        4.76917854878,
        5.1389349837800005,
        5.4828327347800005,
        4.803696259780001,
        5.74381132478,
        4.58901119178,
        4.84210358578,
        5.50065856578,
        4.76319423478,
        5.39438050578,
        5.15328672378,
        4.46748001878,
        4.89217990878
      ],
      "exit_codes": [
        0,
        0,
        0,
        0,
        0,
        0,
        0,
        0,
        0,
        0,
        0,
        0,
        0,
        0,
        0,
        0,
        0,
        0,
        0,
        0,
        0,
        0,
        0,
        0,
        0,
        0,
        0,
        0,
        0,
        0,
        0,
        0,
        0,
        0,
        0,
        0,
        0,
        0,
        0,
        0,
        0,
        0,
        0,
        0,
        0,
        0,
        0,
        0,
        0,
        0,
        0,
        0,
        0,
        0,
        0,
        0,
        0,
        0,
        0,
        0,
        0,
        0,
        0,
        0,
        0,
        0,
        0,
        0,
        0,
        0,
        0,
        0,
        0,
        0,
        0,
        0,
        0,
        0,
        0,
        0,
        0,
        0,
        0,
        0,
        0,
        0,
        0,
        0,
        0,
        0,
        0,
        0,
        0,
        0,
        0,
        0,
        0,
        0,
        0,
        0
      ]
    }
  ]
}
